,City,Cloudiness,Country,Date,Humidity,Lat,Lng,Max Temp,Wind Speed
0,Punta Arenas,16,CL,1579489736,61,-53.15,-70.92,50.0,23.04
1,Talnakh,40,RU,1579489736,75,69.49,88.4,-20.2,6.71
2,Sioux Lookout,5,CA,1579489736,84,50.1,-91.92,1.4,4.7
3,Bilma,0,NE,1579489736,27,18.69,12.92,55.13,9.8
4,Shaunavon,98,CA,1579489736,95,49.65,-108.42,5.25,11.05
5,Pitea,100,SE,1579489737,92,65.32,21.48,34.0,4.7
6,Katherine,40,AU,1579489737,49,-14.47,132.27,93.2,11.41
7,New Norfolk,75,AU,1579489737,67,-42.78,147.06,64.0,16.11
8,Airai,34,TL,1579489737,47,-8.93,125.41,83.35,4.21
9,George Town,20,MY,1579489737,70,5.41,100.34,86.0,6.93
10,Kaberamaido,93,UG,1579489738,37,1.74,33.16,73.96,2.75
11,Chui,49,UY,1579489738,90,-33.7,-53.46,71.1,10.67
12,Marsabit,92,KE,1579489738,42,2.33,37.99,76.91,11.54
13,Zhigansk,100,RU,1579489739,98,66.77,123.37,-19.07,10.33
14,Guarapari,18,BR,1579489739,73,-20.67,-40.5,80.01,9.17
15,Mount Isa,75,AU,1579489739,28,-20.73,139.5,93.2,10.29
16,Butaritari,61,KI,1579489739,72,3.07,172.79,85.37,7.65
17,Mataura,39,NZ,1579489739,82,-46.19,168.86,62.01,4.0
18,Chokurdakh,64,RU,1579489740,99,70.63,147.92,-31.11,3.56
19,Nouadhibou,0,MR,1579489740,29,20.93,-17.03,66.2,12.75
20,Saskylakh,55,RU,1579489740,95,71.92,114.08,-30.08,5.08
21,Dikson,30,RU,1579489740,95,73.51,80.55,-25.78,7.27
22,Kaitangata,34,NZ,1579489741,74,-46.28,169.85,66.99,8.01
23,Rikitea,100,PF,1579489741,77,-23.12,-134.97,78.1,10.02
24,Hobart,75,AU,1579489553,67,-42.88,147.33,64.0,16.11
25,Ribeira Grande,84,PT,1579489741,83,38.52,-28.7,59.04,14.97
26,Port Alfred,100,ZA,1579489742,80,-33.59,26.89,66.0,7.0
27,Nanortalik,100,GL,1579489742,64,60.14,-45.24,25.81,22.79
28,Busselton,0,AU,1579489742,22,-33.65,115.33,87.01,8.7
29,Hermanus,100,ZA,1579489742,72,-34.42,19.23,66.0,17.0
30,Nikolskoye,90,RU,1579489742,93,59.7,30.79,35.6,8.95
31,Atuona,67,PF,1579489743,77,-9.8,-139.03,80.78,12.91
32,Uaua,1,BR,1579489743,76,-9.84,-39.48,72.16,11.43
33,Mutoko,100,ZW,1579489743,91,-17.4,32.23,66.58,7.47
34,Longyearbyen,100,SJ,1579489743,97,78.22,15.64,17.17,4.72
35,Kumta,46,IN,1579489744,60,14.42,74.4,77.34,4.9
36,Bluff,75,NZ,1579489744,82,-46.6,168.33,62.01,4.0
37,Upernavik,99,GL,1579489744,72,72.79,-56.15,-12.42,7.99
38,Bredasdorp,100,ZA,1579489744,88,-34.53,20.04,62.6,13.87
39,Guerrero Negro,45,MX,1579489744,38,27.98,-114.06,63.01,8.61
40,Mahebourg,75,MU,1579489745,88,-20.41,57.7,80.6,4.7
41,Saint George,1,US,1579489622,36,37.1,-113.58,51.8,5.66
42,Thompson,5,CA,1579489745,76,55.74,-97.86,-4.0,12.75
43,Vernon,90,CA,1579489686,98,50.26,-119.27,33.01,3.36
44,Ushuaia,75,AR,1579489746,75,-54.8,-68.3,46.4,32.21
45,Saldanha,50,ZA,1579489746,68,-33.01,17.94,68.0,8.05
46,Saint-Pierre,100,RE,1579489746,83,-21.34,55.48,79.0,4.7
47,San Quintin,96,MX,1579489747,65,30.48,-115.95,59.25,5.59
48,Arraial do Cabo,53,BR,1579489747,79,-22.97,-42.03,74.43,8.28
49,Cabo San Lucas,5,MX,1579489678,68,22.89,-109.91,69.8,5.23
50,Kilrush,31,IE,1579489747,93,52.64,-9.48,37.99,4.7
51,Albany,90,US,1579489748,62,42.6,-73.97,23.0,17.22
52,Bol,0,TD,1579489748,39,13.46,14.71,63.09,19.22
53,Tasiilaq,100,GL,1579489748,86,65.61,-37.64,26.6,12.75
54,La Palma,1,US,1579489748,48,33.85,-118.05,68.0,3.06
55,Port Elizabeth,92,ZA,1579489749,75,-33.92,25.57,66.27,23.15
56,Khatanga,100,RU,1579489749,97,71.97,102.5,-23.6,5.12
57,Ponta do Sol,75,PT,1579489751,63,32.67,-17.1,60.8,18.34
58,Armenia,75,AM,1579489751,92,40.0,45.0,28.4,3.0
59,Broome,90,US,1579489751,72,42.25,-75.83,19.99,12.75
60,Dingle,50,PH,1579489751,84,11.0,122.67,78.98,13.18
61,Hervey Bay,33,AU,1579489751,62,-25.3,152.85,87.8,17.22
62,Marsh Harbour,13,BS,1579489752,70,26.54,-77.06,72.55,8.1
63,Cape Town,20,ZA,1579489537,72,-33.93,18.42,68.0,16.11
64,Kargil,100,IN,1579489752,99,34.57,76.1,-11.0,1.36
65,Barrow,90,US,1579489752,84,71.29,-156.79,3.2,9.17
66,Kakonko,100,TZ,1579489753,97,-3.28,30.96,61.97,1.9
67,Castro,47,BR,1579489753,98,-24.79,-50.01,62.15,7.76
68,Dolisie,100,CG,1579489753,96,-4.2,12.67,72.91,1.07
69,Rizhao,0,CN,1579489669,40,35.43,119.46,42.04,8.63
70,Nome,1,US,1579489754,71,64.5,-165.41,8.6,9.17
71,Provideniya,90,RU,1579489754,92,64.38,-173.3,21.2,13.42
72,Lincoln,90,US,1579489754,71,40.8,-96.67,10.4,6.93
73,Faya,0,SA,1579489754,70,18.39,42.45,48.2,3.36
74,Tuktoyaktuk,5,CA,1579489755,74,69.45,-133.04,-23.8,3.36
75,Changji,64,CN,1579489608,85,44.02,87.32,10.4,4.47
76,Kapaa,1,US,1579489743,57,22.08,-159.32,78.8,16.11
77,Carnarvon,0,AU,1579489755,65,-24.87,113.63,80.6,19.46
78,Moose Factory,1,CA,1579489755,70,51.26,-80.61,1.4,12.75
79,Les Cayes,0,HT,1579489756,73,18.2,-73.75,81.23,22.08
80,Puerto Ayora,100,EC,1579489756,43,-0.74,-90.35,75.99,13.62
81,Vieux-Habitants,20,GP,1579489756,83,16.06,-61.77,71.6,4.7
82,Oodweyne,97,SO,1579489756,60,9.41,45.06,57.72,10.22
83,Quthing,0,LS,1579489757,75,-30.4,27.7,55.9,4.68
84,Vaini,20,TO,1579489757,58,-21.2,-175.2,84.2,17.22
85,Oum Hadjer,0,TD,1579489757,26,13.3,19.7,59.65,9.08
86,Saurimo,100,AO,1579489757,97,-9.66,20.39,64.47,1.68
87,Shenjiamen,0,CN,1579489758,63,29.96,122.3,48.04,12.03
88,Constitucion,17,CL,1579489758,79,-35.33,-72.42,55.42,2.66
89,Meulaboh,80,ID,1579489758,77,4.14,96.13,81.55,5.14
90,Clyde River,1,CA,1579489759,73,70.47,-68.59,-32.8,4.7
91,Sinnamary,96,GF,1579489759,80,5.38,-52.95,79.47,15.77
92,Olinda,20,BR,1579489759,74,-8.01,-34.86,82.4,9.17
93,Pisco,100,PE,1579489759,83,-13.7,-76.22,71.6,14.99
94,Beira,75,MZ,1579489759,88,-19.84,34.84,80.6,14.99
95,Hilo,1,US,1579489602,65,19.73,-155.09,78.8,11.41
96,Cockburn Town,0,TC,1579489493,75,21.46,-71.14,76.23,17.54
97,Tocopilla,73,CL,1579489760,55,-22.09,-70.2,65.98,1.07
98,Dubbo,40,AU,1579489760,42,-32.25,148.62,84.2,20.8
99,Esil,100,KZ,1579489761,96,51.96,66.4,7.84,9.44
100,Hong Kong,40,HK,1579489761,63,22.29,114.16,66.0,4.7
101,Lompoc,1,US,1579489749,71,34.64,-120.46,57.0,3.36
102,Middletown,90,US,1579489669,78,39.52,-84.4,16.0,6.93
103,Kloulklubed,40,PW,1579489762,62,7.04,134.26,86.0,17.22
104,Jamestown,90,US,1579489481,85,42.1,-79.24,21.2,9.17
105,Okhotsk,0,RU,1579489762,75,59.38,143.3,-16.02,6.96
106,Port-Cartier,75,CA,1579489762,64,50.03,-66.87,1.0,10.29
107,Rantepao,85,ID,1579489762,71,-2.97,119.9,79.99,3.33
108,Porto Santo,40,PT,1579489763,63,33.07,-16.34,60.8,10.29
109,Marabu,75,MY,1579489763,79,4.41,114.01,86.0,12.75
110,Coyote,40,MX,1579489763,52,25.7,-103.27,66.2,3.36
111,Hay River,40,CA,1579489764,77,60.82,-115.8,3.2,6.93
112,Inhambane,100,MZ,1579489764,83,-23.86,35.38,79.99,25.66
113,Leningradskiy,100,RU,1579489764,98,69.38,178.42,-5.57,7.34
114,Coahuayana Viejo,5,MX,1579489764,83,18.73,-103.68,73.4,4.07
115,Yar-Sale,100,RU,1579489764,92,66.83,70.83,14.67,15.86
116,Berlevag,100,NO,1579489765,89,70.86,29.09,30.16,23.0
117,Padang,100,ID,1579489765,68,-0.95,100.35,80.19,0.89
118,Ilheus,40,BR,1579489765,74,-14.79,-39.05,82.4,12.75
119,Yangi Marg`ilon,100,UZ,1579489765,79,40.43,71.72,30.2,4.7
120,Narsaq,100,GL,1579489765,40,60.92,-46.05,14.0,4.7
121,Yerbogachen,100,RU,1579489766,84,61.28,108.01,-1.26,14.16
122,Khovd,0,MN,1579489766,54,48.01,91.64,9.03,9.64
123,Alyangula,49,AU,1579489766,56,-13.85,136.42,93.2,10.29
124,Norman Wells,20,CA,1579489766,75,65.28,-126.83,-20.2,3.36
125,Coyhaique,100,CL,1579489767,66,-45.58,-72.07,55.4,3.36
126,Charlestown,75,AU,1579489686,74,-32.95,151.67,90.0,10.29
127,Mehamn,100,NO,1579489767,93,71.04,27.85,27.18,14.41
128,Bayir,0,TR,1579489768,35,37.27,28.22,42.8,4.7
129,Nar'yan-Mar,4,RU,1579489769,90,67.67,53.09,-0.13,9.62
130,Souillac,75,MU,1579489769,88,-20.52,57.52,81.0,4.7
131,Laas,74,IT,1579489769,76,46.62,10.7,28.0,2.24
132,Redmond,90,US,1579489648,100,47.67,-122.12,50.0,4.88
133,Erzin,56,TR,1579489770,80,36.96,36.2,43.0,6.93
134,Mayo,1,US,1579489770,58,38.89,-76.51,32.0,16.11
135,Shiloh,75,US,1579489770,72,38.56,-89.9,18.0,10.29
136,Khanpur,100,PK,1579489685,40,28.65,70.66,57.02,3.67
137,Aklavik,20,CA,1579489771,68,68.22,-135.01,-18.4,4.72
138,Alofi,98,NU,1579489772,79,-19.06,-169.92,84.2,5.82
139,Vila Franca do Campo,75,PT,1579489772,93,37.72,-25.43,62.6,12.75
140,Malanje,100,AO,1579489772,99,-9.54,16.34,62.42,3.38
141,Pevek,100,RU,1579489773,97,69.7,170.31,-3.08,18.81
142,Najran,0,SA,1579489685,32,17.49,44.13,53.6,0.43
143,Abreu e Lima,20,BR,1579489773,74,-7.91,-34.9,82.4,9.17
144,Ilulissat,48,GL,1579489773,71,69.22,-51.1,3.2,9.17
145,Lorengau,77,PG,1579489774,74,-2.02,147.27,83.89,18.68
146,Sandpoint,90,US,1579489774,100,48.28,-116.55,33.01,3.85
147,Fairbanks,1,US,1579489616,73,64.84,-147.72,-25.6,2.26
148,Sao Fidelis,12,BR,1579489774,94,-21.65,-41.75,67.06,0.72
149,Nadym,100,RU,1579489774,95,65.53,72.52,1.38,15.14
150,Halifax,90,CA,1579489626,100,44.65,-63.57,28.0,13.87
151,Mar del Plata,33,AR,1579489775,60,-38.0,-57.56,75.0,6.93
152,Talara,100,PE,1579489775,90,-4.58,-81.27,70.95,13.62
153,Srednekolymsk,97,RU,1579489776,98,67.45,153.68,-29.96,5.93
154,Samarai,19,PG,1579489776,52,-10.62,150.67,90.91,6.02
155,Tiksi,100,RU,1579489776,85,71.69,128.87,-9.4,7.4
156,Pacifica,1,US,1579489776,100,37.61,-122.49,52.0,10.29
157,Sao Jose da Coroa Grande,100,BR,1579489777,76,-8.9,-35.15,80.65,12.33
158,Banda Aceh,24,ID,1579489777,64,5.56,95.32,84.15,5.7
159,Nagato,75,JP,1579489777,49,34.38,131.2,50.0,13.87
160,Tateyama,0,JP,1579489777,61,34.98,139.87,55.99,3.36
161,Kodiak,75,US,1579489778,72,57.79,-152.41,32.0,10.29
162,Hithadhoo,100,MV,1579489778,75,-0.6,73.08,83.23,10.83
163,Vardo,100,NO,1579489778,84,70.37,31.11,23.85,16.8
164,Kabare,89,CD,1579489779,96,-2.47,28.82,58.05,1.83
165,Kangalassy,89,RU,1579489779,74,62.35,129.96,-25.6,2.64
166,Asau,90,RO,1579489779,92,46.43,26.4,32.0,5.82
167,Avarua,100,CK,1579489779,88,-21.21,-159.78,80.6,13.87
168,Chokwe,100,MZ,1579489779,84,-24.53,32.98,72.41,11.3
169,Berezovyy,0,RU,1579489780,68,51.67,135.7,4.05,1.97
170,Torbay,90,CA,1579489780,100,47.67,-52.73,28.0,45.9
171,Lebu,0,CL,1579489780,80,-37.62,-73.65,53.76,6.04
172,Trairi,90,BR,1579489780,91,-3.28,-39.27,73.96,1.9
173,Solnechnyy,8,RU,1579489781,91,50.72,136.63,0.79,3.44
174,Saint-Philippe,100,RE,1579489781,83,-21.36,55.77,79.0,4.7
175,Yugorsk,0,RU,1579489781,97,61.31,63.33,-4.0,2.37
176,Kotagiri,20,IN,1579489781,78,11.43,76.88,73.4,3.36
177,Atbasar,100,KZ,1579489782,96,51.8,68.33,6.33,6.78
178,Ust'-Kut,100,RU,1579489782,94,56.79,105.77,-0.72,7.56
179,Geraldton,40,AU,1579489782,65,-28.77,114.6,78.8,24.16
180,Port-Gentil,27,GA,1579489782,77,-0.72,8.78,81.52,8.75
181,Prince Rupert,90,CA,1579489582,100,54.32,-130.32,35.6,12.37
182,Samarinda,82,ID,1579489783,59,-0.5,117.15,88.34,5.77
183,Varenikovskaya,0,RU,1579489783,86,45.12,37.64,28.4,15.66
184,Bambous Virieux,75,MU,1579489783,88,-20.34,57.76,81.0,4.7
185,Bathsheba,40,BB,1579489783,74,13.22,-59.52,78.8,18.34
186,Hamilton,90,US,1579489778,72,39.18,-84.53,16.0,5.82
187,Tolaga Bay,69,NZ,1579489784,86,-38.37,178.3,64.42,15.86
188,Vila,0,PT,1579489784,60,42.03,-8.16,46.99,3.36
189,Sobolevo,88,RU,1579489784,91,54.43,31.9,32.29,10.4
190,Klaksvik,100,FO,1579489784,93,62.23,-6.59,48.2,10.29
191,Gemeente Wageningen,40,NL,1579489785,100,51.97,5.67,37.0,1.12
192,Pionerskiy,90,RU,1579489785,86,54.95,20.23,39.2,13.42
193,Merauke,0,ID,1579489785,56,-8.47,140.33,90.97,9.42
194,Richards Bay,100,ZA,1579489785,73,-28.78,32.04,72.05,21.65
195,Grand Gaube,75,MU,1579489785,88,-20.01,57.66,81.0,4.7
196,Touros,40,BR,1579489786,88,-5.2,-35.46,77.0,4.7
197,Diego de Almagro,0,CL,1579489786,61,-26.37,-70.05,63.79,1.01
198,Beringovskiy,92,RU,1579489786,100,63.05,179.32,0.07,14.0
199,Jumla,0,NP,1579489786,59,29.27,82.18,22.35,2.98
200,Amapa,90,BR,1579489787,98,1.0,-52.0,73.24,2.98
201,Natagaima,100,CO,1579489787,65,3.62,-75.09,74.97,7.25
202,Seoul,1,KR,1579489681,38,37.57,126.98,39.2,3.36
203,Dali,0,CN,1579489787,52,25.7,100.18,49.21,3.89
204,Kudahuvadhoo,99,MV,1579489787,79,2.67,72.89,82.83,11.72
205,Meiganga,100,CM,1579489788,36,6.52,14.3,62.92,4.76
206,Bulgan,100,MN,1579489788,67,48.81,103.53,9.63,2.84
207,Esperance,7,AU,1579489788,46,-33.87,121.9,71.6,8.05
208,Miraflores,90,MX,1579489788,81,19.22,-98.81,53.6,6.93
209,Ardakan,75,IR,1579489788,93,32.31,54.02,35.6,6.93
210,Remanso,89,BR,1579489789,64,-9.62,-42.08,77.99,4.34
211,Severo-Kuril'sk,60,RU,1579489789,79,50.68,156.12,18.88,5.06
212,Jalu,0,LY,1579489789,68,29.03,21.55,53.56,7.18
213,Carolina,75,PR,1579489790,78,18.38,-65.96,77.0,8.05
214,Dongsheng,0,CN,1579489790,70,39.82,109.98,17.38,7.02
215,Moerai,100,PF,1579489790,77,-22.43,-151.33,78.62,15.3
216,Mentougou,0,CN,1579489790,21,39.94,116.09,39.0,13.42
217,Ambon,40,ID,1579489790,52,-3.7,128.18,91.4,6.93
218,Luderitz,0,NA,1579489791,87,-26.65,15.16,60.8,3.36
219,Paciran,88,ID,1579489791,61,-6.88,112.38,89.85,2.93
220,Sao Joao da Barra,11,BR,1579489741,86,-21.64,-41.05,72.43,10.65
221,Hasaki,20,JP,1579489791,56,35.73,140.83,55.0,4.7
222,Phayao,17,TH,1579489792,49,19.25,100.25,77.95,3.83
223,Hirara,75,JP,1579489792,93,24.8,125.28,64.4,4.7
224,Nelson Bay,75,AU,1579489792,74,-32.72,152.15,84.99,10.29
225,Uglekamensk,16,RU,1579489792,59,43.22,133.23,22.93,4.52
226,Tecuala,0,MX,1579489792,73,22.4,-105.46,70.56,2.04
227,Tawao,75,MY,1579489793,74,4.25,117.89,86.0,8.05
228,Hvide Sande,48,DK,1579489793,93,56.0,8.13,44.01,6.93
229,Karratha,3,AU,1579489793,72,-20.74,116.85,85.23,5.79
230,Ahipara,22,NZ,1579489793,84,-35.17,173.17,67.55,17.31
231,Ust'-Kulom,82,RU,1579489793,94,61.69,53.69,0.3,5.3
232,Praia da Vitoria,100,PT,1579489794,81,38.73,-27.07,63.03,18.88
233,Peleduy,19,RU,1579489794,89,59.63,112.74,-9.63,2.86
234,Grenfell,40,AU,1579489794,60,-33.9,148.17,75.58,10.6
235,City of San Pedro,75,PH,1579489794,69,14.35,121.02,86.0,8.05
236,Beloha,100,MG,1579489795,83,-25.17,45.05,73.92,6.04
237,Sorland,98,NO,1579489795,82,67.67,12.69,44.64,33.91
238,Olafsvik,100,IS,1579489795,66,64.89,-23.71,36.9,32.61
239,Kushiro,75,JP,1579489796,100,42.98,144.37,24.8,11.41
240,Bazaliia,85,UA,1579489796,83,49.71,26.47,26.55,3.83
241,Tuatapere,2,NZ,1579489796,82,-46.13,167.68,62.01,4.0
242,Yeppoon,1,AU,1579489796,34,-23.13,150.73,96.8,8.05
243,Cherskiy,100,RU,1579489797,98,68.75,161.3,-24.38,6.2
244,Dapaong,0,TG,1579489797,27,10.86,0.2,68.29,9.71
245,Asekeyevo,96,RU,1579489797,96,53.57,52.8,23.97,7.07
246,Cidreira,50,BR,1579489797,83,-30.18,-50.21,75.2,32.21
247,Tokur,100,RU,1579489797,93,53.13,132.9,-5.26,1.86
248,Batemans Bay,47,AU,1579489798,88,-35.72,150.18,72.0,3.0
249,Qui Nhon,35,VN,1579489798,69,13.77,109.23,75.34,8.08
250,Sitio Novo do Tocantins,100,BR,1579489798,95,-5.52,-47.46,73.92,2.86
251,Rocha,2,UY,1579489798,87,-34.48,-54.33,68.4,7.96
252,East London,99,ZA,1579489799,74,-33.02,27.91,67.57,18.05
253,Rayong,75,TH,1579489799,88,12.83,101.43,91.0,4.7
254,Bilbor,0,RO,1579489799,91,47.05,25.52,27.0,1.63
255,Lagoa,34,PT,1579489799,76,39.05,-27.98,63.36,23.22
256,Pocone,100,BR,1579489799,78,-16.26,-56.62,79.79,0.81
257,Burns Lake,100,CA,1579489800,97,54.23,-125.75,24.89,2.51
258,Melfort,1,CA,1579489800,75,52.87,-104.62,-16.6,6.93
259,Portland,75,US,1579489797,65,45.52,-122.68,46.99,11.41
260,Beruwala,100,LK,1579489800,82,6.48,79.98,78.75,3.6
261,Barwala,58,IN,1579489801,75,29.38,75.92,50.18,4.34
262,Petropavlovsk-Kamchatsky,1,RU,1579489801,55,53.05,158.65,10.4,4.47
263,Pionki,0,PL,1579489801,97,51.48,21.45,35.01,3.67
264,Avera,1,US,1579489801,44,33.19,-82.53,44.6,10.29
265,Takoradze,80,GH,1579489802,89,4.88,-1.76,77.32,4.12
266,Faanui,100,PF,1579489802,75,-16.48,-151.75,81.82,8.86
267,Suksun,100,RU,1579489802,96,57.14,57.39,24.76,9.73
268,Riviere-au-Renard,90,CA,1579489802,85,49.0,-64.4,19.4,4.7
269,Traverse City,40,US,1579489544,85,44.76,-85.62,25.0,15.59
270,Naze,40,JP,1579489596,55,28.37,129.48,64.4,13.87
271,Makat,90,KZ,1579489803,90,47.65,53.35,21.88,5.12
272,Sitka,90,US,1579489533,83,57.05,-135.33,41.0,9.17
273,Barquisimeto,100,VE,1579489804,75,10.07,-69.32,69.39,6.62
274,Madison,1,US,1579489699,54,34.73,-86.57,33.8,10.29
275,Khalimbekaul,90,RU,1579489804,86,42.85,47.14,33.8,6.71
276,Poso,22,ID,1579489804,74,-1.4,120.75,75.49,4.63
277,Vestmannaeyjar,100,IS,1579489805,85,63.44,-20.27,41.0,28.79
278,Kruisfontein,93,ZA,1579489805,79,-34.0,24.73,62.44,20.76
279,Shingu,40,JP,1579489805,53,33.73,135.98,51.8,17.22
280,Guiyang,90,CN,1579489806,93,26.58,106.72,41.0,2.24
281,Kavieng,100,PG,1579489806,72,-2.57,150.8,84.34,17.85
282,Oro Valley,1,US,1579489806,47,32.39,-110.97,64.4,5.82
283,Bonavista,100,CA,1579489806,87,48.65,-53.11,28.0,21.0
284,Zenzeli,20,RU,1579489806,86,45.92,47.05,27.48,2.26
285,Forsytheganj,1,BY,1579489807,96,52.63,29.73,27.81,6.46
286,Batticaloa,51,LK,1579489807,82,7.71,81.69,79.45,6.89
287,Eunice,1,US,1579489807,65,30.49,-92.42,46.99,6.93
288,Nacogdoches,1,US,1579489807,86,31.6,-94.63,43.0,3.56
289,Pacific Grove,1,US,1579489807,70,36.62,-121.92,54.0,10.29
290,Bariloche,0,AR,1579489542,51,-41.15,-71.31,60.8,3.89
291,San Jose,90,US,1579489792,100,37.34,-121.89,53.6,2.91
292,Kalmunai,65,LK,1579489808,79,7.42,81.82,81.34,15.97
293,Akodia,11,IN,1579489809,62,23.38,76.6,53.4,5.84
294,Deputatsky,0,RU,1579489809,83,69.3,139.9,-24.34,4.29
295,Salalah,75,OM,1579489809,60,17.02,54.09,73.4,4.7
296,Jiblah,46,YE,1579489809,90,13.92,44.15,56.95,2.84
297,Diu,0,IN,1579489809,54,20.71,70.98,68.74,16.71
298,Rio Grande,0,BR,1579489545,85,-32.03,-52.1,73.06,16.55
299,Lima,99,PE,1579489597,78,-12.04,-77.03,73.4,11.41
300,Bosaso,86,SO,1579489810,66,11.28,49.18,75.07,7.85
301,Waipawa,50,NZ,1579489810,82,-41.41,175.52,75.0,14.99
302,Kinsale,20,IE,1579489811,93,51.71,-8.53,35.6,4.7
303,La Ronge,5,CA,1579489811,75,55.1,-105.28,-20.2,2.24
304,Harindanga,40,IN,1579489811,87,22.04,88.32,60.8,8.05
305,Surman,8,LY,1579489811,55,32.76,12.57,60.19,17.81
306,Labuhan,100,ID,1579489811,69,-6.88,112.21,85.26,4.63
307,Hobyo,41,SO,1579489812,83,5.35,48.53,73.96,11.99
308,La Serena,90,CL,1579489812,82,-29.91,-71.25,64.4,4.7
309,Kasongo-Lunda,100,CD,1579489812,97,-6.47,16.82,68.47,0.56
310,Elko,1,US,1579489813,63,41.0,-115.5,28.4,6.49
311,Sullia,20,IN,1579489813,88,12.57,75.38,75.2,4.23
312,Bandarbeyla,66,SO,1579489813,75,9.49,50.81,76.3,18.19
313,Bereket,100,TM,1579489813,96,39.24,55.52,32.74,2.84
314,Departamento de Maldonado,0,UY,1579489814,78,-34.67,-54.92,73.4,4.7
315,Moindou,20,NC,1579489814,40,-21.69,165.68,89.6,14.99
316,Polunochnoye,4,RU,1579489814,98,60.87,60.42,-6.84,1.41
317,Xichang,0,CN,1579489814,53,27.9,102.26,39.29,7.63
318,Sayyan,0,YE,1579489815,32,15.17,44.32,43.83,2.08
319,Huilong,0,CN,1579489815,69,31.81,121.66,61.0,5.01
320,Santa Maria,0,BR,1579489815,83,-29.68,-53.81,78.8,2.24
321,Bengkulu,94,ID,1579489816,62,-3.8,102.27,86.45,2.13
322,Harper,4,LR,1579489816,94,4.38,-7.72,75.78,1.77
323,Santa Vitoria do Palmar,49,BR,1579489817,90,-33.52,-53.37,71.1,10.67
324,Sidi Ali,5,DZ,1579489817,91,36.1,0.42,43.59,4.43
325,Iquique,100,CL,1579489590,64,-20.22,-70.14,73.4,8.05
326,Skjervoy,100,NO,1579489818,71,70.03,20.97,35.98,14.63
327,Acapulco de Juarez,20,MX,1579489647,83,16.86,-99.89,82.4,9.17
328,Toyooka,75,JP,1579489818,53,35.53,134.83,51.8,5.82
329,Yellowknife,40,CA,1579489742,76,62.46,-114.35,-7.6,10.29
330,Robe,93,AU,1579489819,51,-37.18,139.75,71.13,17.22
331,Lamont,1,US,1579489819,25,35.26,-118.91,55.99,20.8
332,Kidal,0,ML,1579489819,24,18.44,1.41,59.25,9.64
333,Saint-Francois,0,FR,1579489819,69,46.42,3.91,36.0,10.29
334,Otjimbingwe,0,NA,1579489820,56,-22.35,16.13,58.66,0.98
335,Liverpool,29,GB,1579489782,85,53.41,-2.98,37.0,5.82
336,Vao,2,NC,1579489820,66,-22.67,167.48,76.57,13.65
337,Shenkursk,100,RU,1579489820,98,62.11,42.9,32.09,4.5
338,Nakhon Thai,76,TH,1579489821,51,17.1,100.84,84.99,6.93
339,Pleshanovo,88,RU,1579489821,97,52.83,53.48,19.76,6.93
340,Montepuez,53,MZ,1579489821,95,-13.13,39.0,72.05,7.4
341,Shetpe,100,KZ,1579489822,80,44.17,52.12,27.01,6.26
342,Puyang,0,CN,1579489822,71,29.46,119.89,48.6,2.13
343,Yaguajay,5,CU,1579489822,84,22.33,-79.24,75.29,14.9
344,Bethel,90,US,1579489822,58,41.37,-73.41,33.8,10.29
345,Asifabad,0,IN,1579489823,68,19.37,79.28,66.4,6.51
346,Astana,75,KZ,1579489625,92,51.18,71.45,5.0,2.24
347,Manadhoo,86,MV,1579489823,76,5.77,73.38,82.96,17.56
348,Hambantota,40,LK,1579489823,100,6.12,81.12,78.8,8.05
349,Fernie,90,CA,1579489824,92,49.5,-115.07,37.99,3.89
350,Grindavik,75,IS,1579489824,74,63.84,-22.43,37.4,25.28
351,Shiraz,75,IR,1579489824,93,29.6,52.54,42.8,0.67
352,Dinar,0,TR,1579489824,73,38.06,30.17,23.0,6.93
353,Riberalta,100,BO,1579489824,90,-10.98,-66.1,77.52,2.44
354,Emba,98,KZ,1579489825,98,48.83,58.14,17.78,4.88
355,Port Hedland,42,AU,1579489825,46,-20.32,118.57,93.2,6.93
356,Saint Anthony,90,US,1579489825,78,45.02,-93.22,10.99,4.7
357,Nuuk,100,GL,1579489545,61,64.18,-51.72,14.0,10.29
358,Tutoia,100,BR,1579489826,94,-2.76,-42.27,75.15,2.51
359,Ituacu,100,BR,1579489826,82,-13.81,-41.3,71.33,6.71
360,Bonthe,84,SL,1579489826,88,7.53,-12.51,76.12,1.7
361,Cap Malheureux,75,MU,1579489826,88,-19.98,57.61,81.0,4.7
362,Winnemucca,1,US,1579489826,38,40.97,-117.74,42.8,11.41
363,Manggar,88,ID,1579489827,74,-2.88,108.27,82.69,6.38
364,Lebanon,40,US,1579489827,67,36.21,-86.29,26.6,8.05
365,Ambo,100,PE,1579489827,97,-10.13,-76.2,46.76,1.43
366,Nastola,90,FI,1579489827,87,61.0,25.92,33.8,11.41
367,Sokoni,100,TZ,1579489827,88,-6.43,39.55,79.83,14.0
368,Roald,75,NO,1579489828,81,62.58,6.13,48.0,18.34
369,Poum,0,NC,1579489828,77,-20.23,164.02,79.21,15.57
370,Havre-Saint-Pierre,90,CA,1579489828,71,50.23,-63.6,6.8,12.75
371,Iisalmi,90,FI,1579489829,86,63.56,27.19,26.6,9.17
372,Khasan,96,RU,1579489829,65,42.43,130.64,22.17,14.99
373,Port Lincoln,32,AU,1579489829,61,-34.73,135.87,66.27,14.7
374,Boa Vista,88,BR,1579489829,69,2.82,-60.67,80.6,5.82
375,Dedovichi,71,RU,1579489829,88,57.55,29.95,34.45,10.49
376,Booue,96,GA,1579489830,93,-0.09,11.94,73.26,1.41
377,Shilong,75,CN,1579489830,54,23.11,113.84,64.99,4.47
378,Trindade,75,BR,1579489830,88,-16.65,-49.49,73.4,6.93
379,Togur,85,RU,1579489830,94,58.36,82.83,-10.98,9.19
380,Poya,0,NC,1579489831,80,-21.35,165.15,76.87,15.7
381,Korla,0,CN,1579489831,90,41.76,86.15,10.0,1.34
382,Vostok,99,RU,1579489831,87,46.49,135.88,11.08,3.31
383,Westport,1,US,1579489579,50,41.14,-73.36,35.01,14.99
384,Tarko-Sale,76,RU,1579489832,78,64.92,77.78,-20.99,8.5
385,Chernitsyno,90,RU,1579489832,92,51.51,36.05,26.6,6.71
386,Ngunguru,0,NZ,1579489832,70,-35.62,174.5,77.0,10.0
387,Salym,55,RU,1579489832,94,60.06,71.48,-8.25,6.89
388,Grove City,90,US,1579489832,78,39.88,-83.09,16.0,6.93
389,Belmonte,40,BR,1579489833,88,-15.86,-38.88,78.8,3.36
390,Amahai,49,ID,1579489587,69,-3.33,128.92,85.82,21.7
391,Ambulu,48,ID,1579489833,72,-8.35,113.61,81.09,1.12
392,Nantucket,1,US,1579489833,50,41.28,-70.1,35.6,12.75
393,Barbosa Ferraz,1,BR,1579489834,69,-24.03,-52.01,77.0,5.82
394,Abha,54,SA,1579489834,70,18.22,42.51,48.2,2.42
395,Hofn,100,IS,1579489834,90,64.25,-15.21,41.86,29.28
396,Springbok,0,ZA,1579489834,92,-29.66,17.89,53.13,1.61
397,Wanning,0,CN,1579489835,72,18.8,110.4,72.7,11.48
398,Gornoye Loo,0,RU,1579489835,69,43.71,39.6,35.6,7.14
399,Ancud,0,CL,1579489835,71,-41.87,-73.82,55.4,16.11
400,Ca Mau,0,VN,1579489835,50,9.18,105.15,87.87,15.82
401,Barillas,71,GT,1579489836,96,15.8,-91.32,53.85,6.53
402,Amazar,0,RU,1579489836,87,53.86,120.88,-5.49,2.28
403,Mufulira,97,ZM,1579489837,98,-12.55,28.24,62.1,6.24
404,Honiara,40,SB,1579489837,94,-9.43,159.95,80.6,5.82
405,Daru,33,PG,1579489838,59,-9.08,143.21,91.26,4.94
406,Zlobin,100,HR,1579489838,42,45.29,14.65,45.0,12.75
407,Qaanaaq,0,GL,1579489838,42,77.48,-69.36,-18.96,4.59
408,Kisaran,0,ID,1579489838,70,2.98,99.62,84.34,4.29
409,Naantali,100,FI,1579489838,86,60.45,22.03,37.0,8.05
410,Muros,75,ES,1579489839,80,42.78,-9.06,48.99,10.29
411,Atambua,10,ID,1579489839,64,-9.11,124.89,83.75,5.19
412,Agadir,20,MA,1579489744,71,30.42,-9.6,51.8,10.29
413,Birin,0,NP,1579489839,67,26.89,88.07,46.27,2.06
414,Amberley,90,US,1579489839,72,39.2,-84.43,16.0,9.17
415,Tucupita,76,VE,1579489840,99,9.06,-62.05,72.41,3.13
416,Kwang Binh,20,VN,1579489840,77,17.48,106.6,73.71,8.37
417,Taltal,0,CL,1579489840,85,-25.4,-70.48,63.59,1.57
418,Ratnagiri,0,IN,1579489840,52,16.98,73.3,73.69,2.86
419,Caravelas,6,BR,1579489841,82,-17.71,-39.25,79.57,7.02
420,Waingapu,18,ID,1579489841,73,-9.66,120.26,83.71,13.62
421,Shelburne,5,CA,1579489841,66,44.08,-80.2,18.0,5.82
422,Borazjan,20,IR,1579489617,87,29.27,51.22,57.2,1.74
423,Constantine,75,DZ,1579489842,81,36.37,6.61,42.8,6.93
424,Rosehearty,63,GB,1579489842,75,57.7,-2.11,48.0,3.36
425,Aguimes,40,ES,1579489842,77,27.91,-15.45,62.6,21.92
426,Seminole,75,US,1579489664,78,28.71,-81.21,73.4,11.41
427,Moengo,99,SR,1579489842,96,5.62,-54.4,73.09,2.77
428,Muzhi,100,RU,1579489843,77,65.37,64.67,12.56,17.94
429,Tugulym,75,RU,1579489843,85,57.06,64.64,12.2,11.18
430,Luziania,40,BR,1579489843,88,-16.25,-47.95,73.4,6.93
431,Khandyga,100,RU,1579489843,97,62.67,135.6,-12.71,1.16
432,Maniitsoq,100,GL,1579489844,88,65.42,-52.9,13.03,11.43
433,Creel,0,MX,1579489844,79,27.75,-107.63,46.54,4.94
434,Rozvadiv,90,UA,1579489844,92,49.5,23.62,30.99,4.47
435,Nalut,0,LY,1579489844,52,30.33,10.85,46.63,17.18
436,Fuyu,100,CN,1579489844,90,45.18,124.82,7.59,4.03
437,Sur,0,OM,1579489845,75,22.57,59.53,62.56,3.87
438,Usinsk,78,RU,1579489845,99,65.99,57.53,-2.85,7.09
439,Trat,20,TH,1579489845,74,12.5,102.5,91.0,6.93
440,Kismayo,3,SO,1579489845,80,-0.36,42.55,80.08,20.29
441,Kungurtug,100,RU,1579489846,92,50.6,97.52,7.12,1.14
442,Alsfeld,75,DE,1579489846,93,50.75,9.27,37.0,5.82
443,Khomeyn,0,IR,1579489625,85,33.64,50.08,23.65,4.36
444,Abu Samrah,92,SY,1579489846,95,35.3,37.18,40.6,1.39
445,Gloversville,90,US,1579489846,78,43.05,-74.34,21.2,8.05
446,Lufilufi,100,WS,1579489847,83,-13.87,-171.6,80.26,22.7
447,Simao,93,CN,1579489847,54,22.79,100.97,63.68,3.65
448,Cattolica,100,IT,1579489847,61,43.96,12.74,46.99,13.87
449,Ibra,0,OM,1579489847,85,22.69,58.53,58.14,2.37
450,Jega,0,NG,1579489848,26,12.22,4.38,66.13,13.13
451,Vyborg,75,RU,1579489848,88,60.71,28.75,32.0,10.29
452,Atar,0,MR,1579489848,23,20.52,-13.05,60.15,8.46
453,Cayenne,75,GF,1579489848,78,4.93,-52.33,80.6,10.29
454,Severnyy,90,RU,1579489848,92,50.68,36.55,24.8,8.95
455,Whitecourt,75,CA,1579489849,76,54.15,-115.69,-4.0,4.7
456,Isangel,96,VU,1579489849,77,-19.55,169.27,76.06,15.12
457,Mabaruma,54,GY,1579489849,99,8.2,-59.78,71.17,1.7
458,Tomatlan,26,MX,1579489849,78,19.93,-105.25,73.06,1.97
459,Loiza,75,PR,1579489850,78,18.43,-65.88,77.0,8.05
460,Hargeisa,97,SO,1579489850,95,9.56,44.06,54.34,11.56
461,Gumdag,100,TM,1579489850,87,39.21,54.59,36.12,4.36
462,Ust'-Koksa,100,RU,1579489851,99,50.27,85.61,-1.19,7.29
463,Akureyri,90,IS,1579489608,89,65.68,-18.09,37.4,26.4
464,Bacolod City,1,PH,1579489851,66,10.67,122.95,83.93,9.08
465,Margate,32,GB,1579489851,63,51.38,1.39,37.99,6.93
466,Garoowe,100,SO,1579489852,78,8.41,48.48,65.77,5.48
467,Mount Barker,75,AU,1579489852,68,-35.07,138.87,71.01,14.99
468,Raudeberg,100,NO,1579489852,93,61.99,5.14,46.99,32.21
469,Diffa,0,NE,1579489852,46,13.32,12.61,60.8,11.56
470,Tias,90,ES,1579489853,63,28.96,-13.64,62.6,12.75
471,Cervo,100,ES,1579489853,57,43.67,-7.41,50.0,11.99
472,Kurara,82,IN,1579489853,63,25.98,79.98,51.33,5.32
473,Lucapa,100,AO,1579489853,96,-8.42,20.74,63.93,1.25
474,Giffoni Valle Piana,100,IT,1579489854,61,40.72,14.94,51.8,10.29
475,Ugoofaaru,47,MV,1579489854,78,5.67,73.0,82.74,16.28
476,Conde,70,BR,1579489854,78,-7.26,-34.91,78.8,6.93
477,Namatanai,100,PG,1579489855,83,-3.67,152.43,80.74,13.13
478,Alice Springs,0,AU,1579489660,18,-23.7,133.88,87.8,11.41
479,Tabas,3,IR,1579489855,75,33.6,56.92,44.6,6.93
480,Abu Zabad,34,SD,1579489744,26,12.35,29.25,56.19,15.01
481,Morehead,90,US,1579489856,73,37.27,-87.18,21.99,8.05
482,Linqu,0,CN,1579489856,40,36.52,118.54,41.0,5.68
483,Ilo,100,PE,1579489569,93,-17.64,-71.34,71.87,5.08
484,Samana,47,DO,1579489856,95,19.21,-69.34,68.43,2.13
485,Auki,9,SB,1579489856,76,-8.77,160.7,83.93,13.82
486,Mossamedes,2,AO,1579489857,84,-15.2,12.15,74.8,9.4
487,Russell,1,US,1579489857,48,32.35,-85.2,44.6,5.82
488,Katsuura,0,JP,1579489857,61,35.13,140.3,54.0,3.36
489,Renqiu,0,CN,1579489858,27,38.7,116.09,35.65,2.68
490,Shaowu,0,CN,1579489858,57,27.34,117.48,50.67,2.59
491,Pimentel,11,PE,1579489858,29,-6.84,-79.93,66.2,13.87
492,Inirida,75,CO,1579489858,96,3.87,-67.92,74.43,1.83
493,Coquimbo,90,CL,1579489858,82,-29.95,-71.34,64.4,4.7
494,Kununurra,75,AU,1579489859,89,-15.77,128.73,84.2,6.93
495,Ayagoz,100,KZ,1579489859,94,47.97,80.44,14.04,7.36
496,Zhangye,0,CN,1579489859,28,38.93,100.45,26.08,6.06
497,Eydhafushi,34,MV,1579489859,77,5.1,73.07,82.9,16.6
498,Eureka,90,US,1579489860,87,40.8,-124.16,48.2,2.95
499,Iqaluit,5,CA,1579489860,69,63.75,-68.51,-13.0,4.7
500,Viedma,0,AR,1579489662,56,-40.81,-63.0,64.78,11.21
501,Murud,0,IN,1579489860,55,18.33,72.97,72.59,2.82
502,Jizan,40,SA,1579489861,83,17.33,42.67,75.2,1.81
503,Chipinge,100,ZW,1579489861,97,-20.19,32.62,66.22,5.03
504,Wuning,0,CN,1579489861,92,29.26,120.23,45.0,2.13
505,Key Biscayne,75,US,1579489861,78,25.69,-80.16,73.99,5.82
506,Dori,0,BF,1579489862,31,14.04,-0.03,62.06,6.67
507,Mount Gambier,100,AU,1579489862,77,-37.83,140.77,62.6,20.8
508,Rio Claro,2,BR,1579489862,83,-22.41,-47.56,73.4,5.82
509,Oussouye,53,SN,1579489862,38,12.48,-16.55,70.07,4.41
510,At-Bashi,100,KG,1579489863,64,41.17,75.81,-2.67,2.62
511,Tenenkou,100,ML,1579489863,22,14.46,-4.92,64.38,6.17
512,Waitati,67,NZ,1579489863,66,-45.75,170.57,66.99,7.76
513,Shieli,90,KZ,1579489863,97,44.17,66.75,28.15,5.77
514,Bahir Dar,10,ET,1579489864,67,11.59,37.39,58.68,2.48
515,Tukrah,62,LY,1579489864,74,32.53,20.58,51.87,4.83
516,Loukhi,91,RU,1579489864,97,66.08,33.04,12.54,3.71
517,Ada,1,US,1579489864,69,43.42,-116.13,35.6,8.05
518,Avanuorri,75,NO,1579489864,67,71.0,24.66,33.8,17.22
519,Omboue,1,GA,1579489865,91,-1.57,9.26,75.04,1.21
520,Vagur,100,FO,1579489865,94,61.47,-6.81,48.74,35.63
521,Evensk,5,RU,1579489865,70,61.95,159.23,-13.72,7.27
522,Krabi,12,TH,1579489866,78,8.07,98.91,86.0,6.93
523,Cascais,0,PT,1579489866,39,38.7,-9.42,46.4,17.22
524,Puerto Suarez,3,BO,1579489866,84,-18.95,-57.8,77.67,4.25
525,'Ewa Beach,40,US,1579489866,47,21.32,-158.01,80.6,11.41
526,Taoudenni,6,ML,1579489867,26,22.68,-3.98,56.73,4.07
527,Nurota,75,UZ,1579489867,86,40.56,65.69,30.2,6.93
528,Henties Bay,0,NA,1579489867,88,-22.12,14.28,64.99,1.01
529,Ust'-Shonosha,100,RU,1579489867,95,61.15,41.34,32.27,6.76
530,Likasi,92,CD,1579489867,98,-10.98,26.73,61.36,6.73
531,Sarai Alamgir,40,PK,1579489868,81,32.9,73.76,46.4,3.65
532,Bud,90,US,1579489868,85,39.45,-86.18,15.8,11.41
533,Danjiangkou,65,CN,1579489868,42,32.54,111.51,48.06,1.72
534,Washington,90,US,1579489643,92,47.5,-120.5,34.0,4.7
535,Pandan,14,PH,1579489868,73,14.05,124.17,79.03,17.94
536,Bac Lieu,0,VN,1579489713,51,9.29,105.72,86.63,18.01
537,Lookan,100,PH,1579489869,70,5.04,120.1,82.35,4.81
538,Sambava,100,MG,1579489869,96,-14.27,50.17,73.8,1.81
539,Bay Roberts,90,CA,1579489870,100,47.6,-53.26,28.0,23.13
540,Miguelopolis,0,BR,1579489870,88,-20.18,-48.03,73.4,4.7
541,Vila do Maio,0,CV,1579489870,77,15.13,-23.22,69.8,11.41
542,Fortuna,90,US,1579489871,87,40.6,-124.16,48.2,1.54
543,Srandakan,95,ID,1579489871,60,-7.94,110.25,85.53,5.59
544,Avanigadda,20,IN,1579489871,83,16.02,80.92,73.4,2.24
545,San Patricio,40,MX,1579489871,74,19.22,-104.7,80.6,6.93
546,Mujiayingzi,0,CN,1579489872,26,42.12,118.78,19.85,17.02
547,Avallon,0,FR,1579489872,89,47.48,3.9,31.66,13.18
548,Manokwari,51,ID,1579489640,59,-0.87,134.08,82.33,9.71
549,Fredericton,90,CA,1579489817,79,45.95,-66.67,21.2,6.93
550,Kavaratti,40,IN,1579489873,78,10.57,72.64,80.6,4.7
551,Tonj,37,SS,1579489873,33,7.27,28.68,62.62,4.85
552,Motala,100,SE,1579489873,74,58.54,15.04,35.6,8.05
553,Agartala,75,IN,1579489874,100,23.84,91.28,62.6,5.1
554,Sfantu Gheorghe,12,RO,1579489874,29,45.87,25.78,25.0,21.0
555,Fukuchiyama,75,JP,1579489874,53,35.3,135.12,53.01,5.82
556,Alasehir,0,TR,1579489745,73,38.35,28.52,30.51,2.62
557,Plettenberg Bay,79,ZA,1579489875,80,-34.05,23.37,65.5,18.72
558,Nivala,100,FI,1579489875,94,63.92,25.0,25.0,4.0
559,Khanbari,0,NP,1579489875,45,27.37,87.2,37.89,2.48
560,Camacha,40,PT,1579489875,63,33.08,-16.33,60.8,10.29
561,Husavik,90,IS,1579489876,74,66.04,-17.34,37.4,21.92
562,Buin,75,CL,1579489876,56,-33.73,-70.75,69.8,5.82
